Make,Model,Recommended Year Range,Best Image URL / Source Reference,Source Website,License / Commercial Note,Quality (1-10),Recommended File Name,Recommended Save Path,SEO Alt Text,Needs BG Removal,Fallback Needed,Manual License Review
Acura,MDX,2016-2026,https://upload.wikimedia.org/wikipedia/commons/a/a3/2022_Acura_MDX_Spec_Front_3-4.jpg,Wikimedia Commons,CC BY-SA 4.0,8.5,mdx.webp,/public/vehicles/acura/mdx.webp,Acura MDX maintenance service in Englewood CO,Yes,No,No
Acura,TLX,2015-2026,https://upload.wikimedia.org/wikipedia/commons/e/e5/2021_Acura_TLX_A-Spec_Front.jpg,Wikimedia Commons,CC BY-SA 4.0,8,tlx.webp,/public/vehicles/acura/tlx.webp,Acura TLX auto repair service in Englewood CO,Yes,No,No
Alfa Romeo,Giulia,2016-2026,https://upload.wikimedia.org/wikipedia/commons/7/70/2018_Alfa_Romeo_Giulia_Veloce_Automatic_2.0.jpg,Wikimedia Commons,CC BY-SA 4.0,8.5,giulia.webp,/public/vehicles/alfa-romeo/giulia.webp,Alfa Romeo Giulia repair and maintenance service in Englewood CO,Yes,No,No
Alfa Romeo,Stelvio,2017-2026,https://upload.wikimedia.org/wikipedia/commons/1/1a/2018_Alfa_Romeo_Stelvio_Milano_Edizione.jpg,Wikimedia Commons,CC BY-SA 4.0,8,stelvio.webp,/public/vehicles/alfa-romeo/stelvio.webp,Alfa Romeo Stelvio factory maintenance service near Denver CO,Yes,No,No
Alpine,A110,2017-2026,https://upload.wikimedia.org/wikipedia/commons/f/ff/Alpine_A110_Premiere_Edition_Group_1_2018.jpg,Wikimedia Commons,CC BY-SA 4.0,9,a110.webp,/public/vehicles/alpine/a110.webp,Alpine A110 performance vehicle service in Englewood CO,Yes,No,No
Alpine,A290,2024-2026,https://media.alpinecars.com/,Alpine Press Kit,Editorial / Media Kit Access,9,a290.webp,/public/vehicles/alpine/a290.webp,Alpine A290 specialized electrical check in Englewood CO,Yes,Yes,Yes
Aston Martin,Vantage,2018-2026,https://upload.wikimedia.org/wikipedia/commons/d/dd/2019_Aston_Martin_Vantage_V8_Automatic_4.0.jpg,Wikimedia Commons,CC BY-SA 4.0,9,vantage.webp,/public/vehicles/aston-martin/vantage.webp,Aston Martin Vantage exotic service in Englewood CO,Yes,No,No
Aston Martin,DBX,2020-2026,https://upload.wikimedia.org/wikipedia/commons/e/e0/Aston_Martin_DBX_1X7A6224.jpg,Wikimedia Commons,CC BY-SA 4.0,8.5,dbx.webp,/public/vehicles/aston-martin/dbx.webp,Aston Martin DBX luxury SUV maintenance near Denver CO,Yes,No,No
Audi,A4,2016-2026,https://images.unsplash.com/photo-1606225457115-9b0de873c5db?auto=format&fit=crop&w=1600&q=80,Unsplash,Unsplash Commercial License,9,a4.webp,/public/vehicles/audi/a4.webp,Audi A4 auto repair service in Englewood CO,Yes,No,No
Audi,Q5,2017-2026,https://upload.wikimedia.org/wikipedia/commons/e/ea/Audi_Q5_FY_v_Front.jpg,Wikimedia Commons,CC BY-SA 4.0,8,q5.webp,/public/vehicles/audi/q5.webp,Audi Q5 factory maintenance service near Denver CO,Yes,No,No
Bentley,Continental GT,2018-2026,https://upload.wikimedia.org/wikipedia/commons/e/ea/2019_Bentley_Continental_GT_V8_Automatic_4.0.jpg,Wikimedia Commons,CC BY-SA 4.0,9.5,continental-gt.webp,/public/vehicles/bentley/continental-gt.webp,Bentley Continental GT luxury service in Englewood CO,Yes,No,No
Bentley,Bentayga,2016-2026,https://upload.wikimedia.org/wikipedia/commons/4/4c/Bentley_Bentayga_V8_1X7A6085.jpg,Wikimedia Commons,CC BY-SA 4.0,9,bentayga.webp,/public/vehicles/bentley/bentayga.webp,Bentley Bentayga luxury SUV tuning near Denver CO,Yes,No,No
BMW,3-Series,2015-2026,https://images.unsplash.com/photo-1555215695-3004980ad54e?auto=format&fit=crop&w=1600&q=80,Unsplash,Unsplash Commercial License,9,3-series.webp,/public/vehicles/bmw/3-series.webp,BMW 3 Series auto repair service in Englewood CO,Yes,No,No
BMW,X5,2015-2026,https://upload.wikimedia.org/wikipedia/commons/6/6d/2019_BMW_X5_xDrive30d_M_Sport_Automatic_3.0.jpg,Wikimedia Commons,CC BY-SA 4.0,8.5,x5.webp,/public/vehicles/bmw/x5.webp,BMW X5 factory maintenance schedule in Englewood CO,Yes,No,No
Bugatti,Chiron,2016-2022,https://upload.wikimedia.org/wikipedia/commons/6/66/Bugatti_Chiron_1X7A6056.jpg,Wikimedia Commons,CC BY-SA 4.0,10,chiron.webp,/public/vehicles/bugatti/chiron.webp,Bugatti Chiron hypercar specialty maintenance near Denver CO,Yes,No,No
Bugatti,Veyron,2005-2015,https://upload.wikimedia.org/wikipedia/commons/c/c9/Bugatti_Veyron_16.4_Grand_Sport_Vitesse_外观.jpg,Wikimedia Commons,CC BY-SA 4.0,9,veyron.webp,/public/vehicles/bugatti/veyron.webp,Bugatti Veyron historic system tuning in Englewood CO,Yes,No,No
Buick,Enclave,2018-2026,https://upload.wikimedia.org/wikipedia/commons/b/ba/2018_Buick_Enclave_Premium_AWD_front_3.17.18.jpg,Wikimedia Commons,CC BY-SA 4.0,8,enclave.webp,/public/vehicles/buick/enclave.webp,Buick Enclave SUV scheduled service in Englewood CO,Yes,No,No
Buick,Encore,2015-2024,https://upload.wikimedia.org/wikipedia/commons/3/3d/2017_Buick_Encore_Essence_AWD_front_12.26.19.jpg,Wikimedia Commons,CC BY-SA 4.0,8,encore.webp,/public/vehicles/buick/encore.webp,Buick Encore factory maintenance service near Denver CO,Yes,No,No
Cadillac,Escalade,2015-2026,https://upload.wikimedia.org/wikipedia/commons/3/33/2021_Cadillac_Escalade_Sport_front_3.14.21.jpg,Wikimedia Commons,CC BY-SA 4.0,9,escalade.webp,/public/vehicles/cadillac/escalade.webp,Cadillac Escalade luxury SUV maintenance in Englewood CO,Yes,No,No
Cadillac,CTS,2014-2019,https://upload.wikimedia.org/wikipedia/commons/d/de/2014_Cadillac_CTS_Sedan.jpg,Wikimedia Commons,CC BY-SA 4.0,8,cts.webp,/public/vehicles/cadillac/cts.webp,Cadillac CTS premium mechanical repair near Denver CO,Yes,No,No
Chevrolet,Silverado 1500,2015-2026,https://upload.wikimedia.org/wikipedia/commons/3/30/2019_Chevrolet_Silverado_1500_LT_front_1.12.19.jpg,Wikimedia Commons,CC BY-SA 4.0,8.5,silverado-1500.webp,/public/vehicles/chevrolet/silverado-1500.webp,Chevrolet Silverado 1500 repair and maintenance service in Englewood CO,Yes,No,No
Chevrolet,Equinox,2015-2026,https://upload.wikimedia.org/wikipedia/commons/e/ea/2018_Chevrolet_Equinox_Premier_front_10.21.17.jpg,Wikimedia Commons,CC BY-SA 4.0,8,equinox.webp,/public/vehicles/chevrolet/equinox.webp,Chevrolet Equinox routine factory upkeep in Englewood CO,Yes,No,No
Chrysler,Pacifica,2017-2026,https://upload.wikimedia.org/wikipedia/commons/5/52/2017_Chrysler_Pacifica_Limited_front_3.30.17.jpg,Wikimedia Commons,CC BY-SA 4.0,8,pacifica.webp,/public/vehicles/chrysler/pacifica.webp,Chrysler Pacifica routine inspection and service near Denver CO,Yes,No,No
Chrysler,300,2015-2023,https://upload.wikimedia.org/wikipedia/commons/2/23/2015_Chrysler_300C_front.jpg,Wikimedia Commons,CC BY-SA 4.0,8,300.webp,/public/vehicles/chrysler/300.webp,Chrysler 300 multi-point service track in Englewood CO,Yes,No,No
Citroën,C3,2016-2026,https://upload.wikimedia.org/wikipedia/commons/9/91/Citroen_C3_PureTech_110_S%26S_EAT6_Shine_%28III%29_–_Frontansicht%2C_24._April_2017_Airport.jpg,Wikimedia Commons,CC BY-SA 4.0,8,c3.webp,/public/vehicles/citroen/c3.webp,Citroën C3 vehicle inspection and maintenance near Denver CO,Yes,No,No
Citroën,C5 X,2021-2026,https://upload.wikimedia.org/wikipedia/commons/f/ff/Citroen_C5_X_Plug-in_Hybrid_Amiens.jpg,Wikimedia Commons,CC BY-SA 4.0,8.5,c5-x.webp,/public/vehicles/citroen/c5-x.webp,Citroën C5 X specialized system check in Englewood CO,Yes,No,No
Dodge,Charger,2015-2023,https://images.unsplash.com/photo-1615887023516-9b6bcd559e87?auto=format&fit=crop&w=1600&q=80,Unsplash,Unsplash Commercial License,9,charger.webp,/public/vehicles/dodge/charger.webp,Dodge Charger muscle car tuning and service in Englewood CO,Yes,No,No
Dodge,Challenger,2015-2023,https://images.unsplash.com/photo-1603386329225-868f9b1ee6c9?auto=format&fit=crop&w=1600&q=80,Unsplash,Unsplash Commercial License,9,challenger.webp,/public/vehicles/dodge/challenger.webp,Dodge Challenger factory maintenance service near Denver CO,Yes,No,No
DS Automobiles,DS 4,2021-2026,https://upload.wikimedia.org/wikipedia/commons/4/4e/DS_4_II_E-Tense_Amiens.jpg,Wikimedia Commons,CC BY-SA 4.0,8.5,ds-4.webp,/public/vehicles/ds-automobiles/ds-4.webp,DS Automobiles DS 4 European import service near Denver CO,Yes,No,No
DS Automobiles,DS 7,2017-2026,https://upload.wikimedia.org/wikipedia/commons/d/da/DS_7_Crossback_Amiens.jpg,Wikimedia Commons,CC BY-SA 4.0,8.5,ds-7.webp,/public/vehicles/ds-automobiles/ds-7.webp,DS Automobiles DS 7 specialty maintenance in Englewood CO,Yes,No,No
Ferrari,488 GTB,2015-2019,https://upload.wikimedia.org/wikipedia/commons/d/dc/Ferrari_488_GTB_Front_3-4.jpg,Wikimedia Commons,CC BY-SA 4.0,9.5,488-gtb.webp,/public/vehicles/ferrari/488-gtb.webp,Ferrari 488 GTB exotic service and tuning in Englewood CO,Yes,No,No
Ferrari,Roma,2020-2026,https://upload.wikimedia.org/wikipedia/commons/a/aa/Ferrari_Roma_1X7A6394.jpg,Wikimedia Commons,CC BY-SA 4.0,10,roma.webp,/public/vehicles/ferrari/roma.webp,Ferrari Roma high-end factory alignment near Denver CO,Yes,No,No
Fiat,500,2015-2026,https://images.unsplash.com/photo-1599819811279-d5ad9cccf838?auto=format&fit=crop&w=1600&q=80,Unsplash,Unsplash Commercial License,9,500.webp,/public/vehicles/fiat/500.webp,Fiat 500 factory standard maintenance in Englewood CO,Yes,No,No
Fiat,124 Spider,2016-2020,https://upload.wikimedia.org/wikipedia/commons/5/53/2017_Fiat_124_Spider_Classica_1.4L_front_3.17.19.jpg,Wikimedia Commons,CC BY-SA 4.0,8.5,124-spider.webp,/public/vehicles/fiat/124-spider.webp,Fiat 124 Spider brake and performance updates in Englewood CO,Yes,No,No
Ford,F-150,2015-2026,https://upload.wikimedia.org/wikipedia/commons/d/df/2021_Ford_F-150_XLT_front_3.14.21.jpg,Wikimedia Commons,CC BY-SA 4.0,9,f-150.webp,/public/vehicles/ford/f-150.webp,Ford F-150 truck fluid updates and repair near Denver CO,Yes,No,No
Ford,Explorer,2015-2026,https://upload.wikimedia.org/wikipedia/commons/7/7b/2020_Ford_Explorer_XLT_front_10.13.19.jpg,Wikimedia Commons,CC BY-SA 4.0,8.5,explorer.webp,/public/vehicles/ford/explorer.webp,Ford Explorer multi-point factory inspection in Englewood CO,Yes,No,No
Genesis,G80,2017-2026,https://upload.wikimedia.org/wikipedia/commons/2/23/2021_Genesis_G80_3.5T_AWD_front_11.8.20.jpg,Wikimedia Commons,CC BY-SA 4.0,9,g80.webp,/public/vehicles/genesis/g80.webp,Genesis G80 luxury sedan maintenance in Englewood CO,Yes,No,No
Genesis,GV80,2020-2026,https://upload.wikimedia.org/wikipedia/commons/8/87/2021_Genesis_GV80_3.5T_AWD_front_11.8.20.jpg,Wikimedia Commons,CC BY-SA 4.0,9,gv80.webp,/public/vehicles/genesis/gv80.webp,Genesis GV80 high-end SUV diagnostic scans near Denver CO,Yes,No,No
GMC,Sierra 1500,2015-2026,https://upload.wikimedia.org/wikipedia/commons/a/a2/2019_GMC_Sierra_1500_SLT_front_4.7.19.jpg,Wikimedia Commons,CC BY-SA 4.0,8.5,sierra-1500.webp,/public/vehicles/gmc/sierra-1500.webp,GMC Sierra 1500 truck maintenance service in Englewood CO,Yes,No,No
GMC,Yukon,2015-2026,https://upload.wikimedia.org/wikipedia/commons/0/07/2021_GMC_Yukon_XL_Denali_front_4.11.21.jpg,Wikimedia Commons,CC BY-SA 4.0,9,yukon.webp,/public/vehicles/gmc/yukon.webp,GMC Yukon professional suspension alignment near Denver CO,Yes,No,No
Honda,Civic,2015-2026,https://images.unsplash.com/photo-1605559424843-9e4c228bf1c2?auto=format&fit=crop&w=1600&q=80,Unsplash,Unsplash Commercial License,9,civic.webp,/public/vehicles/honda/civic.webp,Honda Civic factory maintenance service near Denver CO,Yes,No,No
Honda,CR-V,2015-2026,https://upload.wikimedia.org/wikipedia/commons/f/f0/2023_Honda_CR-V_Sport_Touring_Hybrid_front_3.18.23.jpg,Wikimedia Commons,CC BY-SA 4.0,8.5,cr-v.webp,/public/vehicles/honda/cr-v.webp,Honda CR-V routine inspection mechanics in Englewood CO,Yes,No,No
Hummer,H2,2003-2009,https://upload.wikimedia.org/wikipedia/commons/e/e5/Hummer_H2_SUV_front_20080515.jpg,Wikimedia Commons,Public Domain,7.5,h2.webp,/public/vehicles/hummer/h2.webp,Hummer H2 structural maintenance and repair in Englewood CO,Yes,No,No
Hummer,H3,2006-2010,https://upload.wikimedia.org/wikipedia/commons/6/66/2006-2009_Hummer_H3.jpg,Wikimedia Commons,CC BY-SA 4.0,7.5,h3.webp,/public/vehicles/hummer/h3.webp,Hummer H3 classical steering alignment check near Denver CO,Yes,No,No
Hyundai,Elantra,2015-2026,https://upload.wikimedia.org/wikipedia/commons/c/c5/2021_Hyundai_Elantra_SEL_Front_3-4.jpg,Wikimedia Commons,CC BY-SA 4.0,8.5,elantra.webp,/public/vehicles/hyundai/elantra.webp,Hyundai Elantra scheduled factory maintenance in Englewood CO,Yes,No,No
Hyundai,Santa Fe,2015-2026,https://upload.wikimedia.org/wikipedia/commons/d/dc/2019_Hyundai_Santa_Fe_Ultimate_front_4.13.19.jpg,Wikimedia Commons,CC BY-SA 4.0,8,santa-fe.webp,/public/vehicles/hyundai/santa-fe.webp,Hyundai Santa Fe SUV mechanical service near Denver CO,Yes,No,No
Infiniti,Q50,2015-2025,https://upload.wikimedia.org/wikipedia/commons/5/5c/2014_Infiniti_Q50_Premium_Front_3-4.jpg,Wikimedia Commons,CC BY-SA 4.0,8,q50.webp,/public/vehicles/infiniti/q50.webp,Infiniti Q50 sport premium maintenance in Englewood CO,Yes,No,No
Infiniti,QX60,2015-2026,https://upload.wikimedia.org/wikipedia/commons/0/05/2022_Infiniti_QX60_front_8.28.22.jpg,Wikimedia Commons,CC BY-SA 4.0,8.5,qx60.webp,/public/vehicles/infiniti/qx60.webp,Infiniti QX60 crossover premium diagnostics near Denver CO,Yes,No,No
Jaguar,F-Type,2015-24,https://upload.wikimedia.org/wikipedia/commons/d/df/Jaguar_F-Type_R_Coupe_2015_%2814881075677%29.jpg,Wikimedia Commons,CC BY-SA 2.0,9,f-type.webp,/public/vehicles/jaguar/f-type.webp,Jaguar F-Type precision alignment and tune in Englewood CO,Yes,No,No
Jaguar,F-Pace,2016-2026,https://upload.wikimedia.org/wikipedia/commons/1/1a/Jaguar_F-Pace_X761_f_v_Front.jpg,Wikimedia Commons,CC BY-SA 4.0,8.5,f-pace.webp,/public/vehicles/jaguar/f-pace.webp,Jaguar F-Pace luxury SUV factory check near Denver CO,Yes,No,No
Jeep,Wrangler,2015-2026,https://images.unsplash.com/photo-1533473359331-0135ef1b58bf?auto=format&fit=crop&w=1600&q=80,Unsplash,Unsplash Commercial License,9,wrangler.webp,/public/vehicles/jeep/wrangler.webp,Jeep Wrangler multi-point inspection service near Denver CO,Yes,No,No
Jeep,Grand Cherokee,2015-2026,https://upload.wikimedia.org/wikipedia/commons/0/0b/2022_Jeep_Grand_Cherokee_L_Limited_front_5.16.22.jpg,Wikimedia Commons,CC BY-SA 4.0,8.5,grand-carokee.webp,/public/vehicles/jeep/grand-cherokee.webp,Jeep Grand Cherokee factory drivetrain repair in Englewood CO,Yes,No,No
Kia,Sportage,2015-2026,https://upload.wikimedia.org/wikipedia/commons/4/44/2023_Kia_Sportage_X-Line_front_6.4.22.jpg,Wikimedia Commons,CC BY-SA 4.0,8.5,sportage.webp,/public/vehicles/kia/sportage.webp,Kia Sportage maintenance schedule service in Englewood CO,Yes,No,No
Kia,Sorento,2015-2026,https://upload.wikimedia.org/wikipedia/commons/e/ed/2021_Kia_Sorento_SX_front_3.14.21.jpg,Wikimedia Commons,CC BY-SA 4.0,8,sorento.webp,/public/vehicles/kia/sorento.webp,Kia Sorento comprehensive engine tune near Denver CO,Yes,No,No
Lamborghini,Aventador,2015-2022,https://upload.wikimedia.org/wikipedia/commons/0/07/Lamborghini_Aventador_LP700-4_Front_3-4.jpg,Wikimedia Commons,CC BY-SA 4.0,9.5,aventador.webp,/public/vehicles/lamborghini/aventador.webp,Lamborghini Aventador hypercar maintenance near Denver CO,Yes,No,No
Lamborghini,Urus,2018-2026,https://upload.wikimedia.org/wikipedia/commons/b/bc/Lamborghini_Urus_1X7A6014.jpg,Wikimedia Commons,CC BY-SA 4.0,9,urus.webp,/public/vehicles/lamborghini/urus.webp,Lamborghini Urus high-performance SUV tune-up in Englewood CO,Yes,No,No
Land Rover,Range Rover,2015-2026,https://upload.wikimedia.org/wikipedia/commons/0/04/2022_Land_Rover_Range_Rover_SE_P400.jpg,Wikimedia Commons,CC BY-SA 4.0,9,range-rover.webp,/public/vehicles/land-rover/range-rover.webp,Range Rover upscale factory schedule service near Denver CO,Yes,No,No
Land Rover,Defender,2020-2026,https://upload.wikimedia.org/wikipedia/commons/2/22/2020_Land_Rover_Defender_110_P400_HSE.jpg,Wikimedia Commons,CC BY-SA 4.0,9,defender.webp,/public/vehicles/land-rover/defender.webp,Land Rover Defender off-road service in Englewood CO,Yes,No,No
Lexus,RX,2015-2026,https://upload.wikimedia.org/wikipedia/commons/b/b3/2023_Lexus_RX_350_Premium_AWD_front_4.16.23.jpg,Wikimedia Commons,CC BY-SA 4.0,8.5,rx.webp,/public/vehicles/lexus/rx.webp,Lexus RX luxury crossover repair near Denver CO,Yes,No,No
Lexus,ES,2015-2026,https://upload.wikimedia.org/wikipedia/commons/d/da/2019_Lexus_ES_350_Luxury_front_5.18.19.jpg,Wikimedia Commons,CC BY-SA 4.0,8.5,es.webp,/public/vehicles/lexus/es.webp,Lexus ES luxury sedan factory mechanics in Englewood CO,Yes,No,No
Lincoln,Navigator,2015-2026,https://upload.wikimedia.org/wikipedia/commons/6/69/2018_Lincoln_Navigator_Reserve_front_3.17.18.jpg,Wikimedia Commons,CC BY-SA 4.0,9,navigator.webp,/public/vehicles/lincoln/navigator.webp,Lincoln Navigator premium fleet maintenance in Englewood CO,Yes,No,No
Lincoln,Aviator,2020-2026,https://upload.wikimedia.org/wikipedia/commons/e/ea/2020_Lincoln_Aviator_Reserve_AWD_front_1.18.20.jpg,Wikimedia Commons,CC BY-SA 4.0,8.5,aviator.webp,/public/vehicles/lincoln/aviator.webp,Lincoln Aviator scheduled inspection center near Denver CO,Yes,No,No
Lotus,Evora,2015-2021,https://upload.wikimedia.org/wikipedia/commons/5/5e/2011_Lotus_Evora_2%2B2_V6_front.jpg,Wikimedia Commons,CC BY-SA 4.0,8.5,evora.webp,/public/vehicles/lotus/evora.webp,Lotus Evora precision brake work in Englewood CO,Yes,No,No
Lotus,Emira,2022-2026,https://upload.wikimedia.org/wikipedia/commons/c/c5/Lotus_Emira_at_Goodwood_Festival_of_Speed_2021_004.jpg,Wikimedia Commons,CC BY-SA 4.0,9.5,emira.webp,/public/vehicles/lotus/emira.webp,Lotus Emira precision track-ready service in Englewood CO,Yes,No,No
Maserati,Ghibli,2015-2024,https://upload.wikimedia.org/wikipedia/commons/e/ed/2014_Maserati_Ghibli_V6_Automatic_3.0_Front.jpg,Wikimedia Commons,CC BY-SA 4.0,8.5,ghibli.webp,/public/vehicles/maserati/ghibli.webp,Maserati Ghibli luxury tune-up and oil change near Denver CO,Yes,No,No
Maserati,Levante,2016-2024,https://upload.wikimedia.org/wikipedia/commons/b/b5/Maserati_Levante_Diesel_1X7A4839.jpg,Wikimedia Commons,CC BY-SA 4.0,9,levante.webp,/public/vehicles/maserati/levante.webp,Maserati Levante exotic engine diagnostics in Englewood CO,Yes,No,No
Mazda,CX-5,2015-2026,https://upload.wikimedia.org/wikipedia/commons/8/85/2018_Mazda_CX-5_Grand_Touring_AWD_front_4.13.19.jpg,Wikimedia Commons,CC BY-SA 4.0,8.5,cx-5.webp,/public/vehicles/mazda/cx-5.webp,Mazda CX-5 factory service program near Denver CO,Yes,No,No
Mazda,MX-5 Miata,2015-2026,https://images.unsplash.com/photo-1561571583-09bc970ec797?auto=format&fit=crop&w=1600&q=80,Unsplash,Unsplash Commercial License,9,mx-5-miata.webp,/public/vehicles/mazda/mx-5-miata.webp,Mazda MX-5 Miata handling diagnosis service in Englewood CO,Yes,No,No
McLaren,720S,2017-2023,https://upload.wikimedia.org/wikipedia/commons/f/f9/McLaren_720S_1X7A5372.jpg,Wikimedia Commons,CC BY-SA 4.0,10,720s.webp,/public/vehicles/mclaren/720s.webp,McLaren 720S exotic performance verification near Denver CO,Yes,No,No
McLaren,GT,2019-2026,https://upload.wikimedia.org/wikipedia/commons/a/ad/McLaren_GT_1X7A6564.jpg,Wikimedia Commons,CC BY-SA 4.0,10,gt.webp,/public/vehicles/mclaren/gt.webp,McLaren GT ultra-precision inspection in Englewood CO,Yes,No,No
Mercedes-Benz,C-Class,2015-2026,https://upload.wikimedia.org/wikipedia/commons/b/bc/2022_Mercedes-Benz_C300_4Matic_Sedan_front_5.16.22.jpg,Wikimedia Commons,CC BY-SA 4.0,9,c-class.webp,/public/vehicles/mercedes-benz/c-class.webp,Mercedes-Benz C-Class luxury service in Englewood CO,Yes,No,No
Mercedes-Benz,GLE,2015-2026,https://upload.wikimedia.org/wikipedia/commons/1/1d/2020_Mercedes-Benz_GLE_450_4Matic_front_4.13.19.jpg,Wikimedia Commons,CC BY-SA 4.0,9,gle.webp,/public/vehicles/mercedes-benz/gle.webp,Mercedes-Benz GLE premium SUV engine care near Denver CO,Yes,No,No
Mini,Cooper,2015-2026,https://upload.wikimedia.org/wikipedia/commons/d/dd/2019_Mini_Cooper_Exclusive_1.5_Front.jpg,Wikimedia Commons,CC BY-SA 4.0,8.5,cooper.webp,/public/vehicles/mini/cooper.webp,Mini Cooper dynamic factory schedule service near Denver CO,Yes,No,No
Mini,Countryman,2015-2026,https://upload.wikimedia.org/wikipedia/commons/7/7f/2018_Mini_Cooper_Countryman_front_4.27.18.jpg,Wikimedia Commons,CC BY-SA 4.0,8,countryman.webp,/public/vehicles/mini/countryman.webp,Mini Countryman fluid tracking maintenance in Englewood CO,Yes,No,No
Mitsubishi,Outlander,2015-2026,https://upload.wikimedia.org/wikipedia/commons/2/2d/2022_Mitsubishi_Outlander_SE_AWD_front_10.29.21.jpg,Wikimedia Commons,CC BY-SA 4.0,8,outlander.webp,/public/vehicles/mitsubishi/outlander.webp,Mitsubishi Outlander fluid services and repairs in Englewood CO,Yes,No,No
Mitsubishi,Lancer,2010-2017,https://upload.wikimedia.org/wikipedia/commons/c/ca/2008_Mitsubishi_Lancer_GTS.jpg,Wikimedia Commons,CC BY-SA 4.0,7.5,lancer.webp,/public/vehicles/mitsubishi/lancer.webp,Mitsubishi Lancer mechanical parts calibration near Denver CO,Yes,No,No
Nissan,Altima,2015-2026,https://upload.wikimedia.org/wikipedia/commons/9/92/2019_Nissan_Altima_2.5_SR%2C_front_10.12.19.jpg,Wikimedia Commons,CC BY-SA 4.0,8,altima.webp,/public/vehicles/nissan/altima.webp,Nissan Altima routine multi-point service in Englewood CO,Yes,No,No
Nissan,Rogue,2015-2026,https://upload.wikimedia.org/wikipedia/commons/1/1d/2021_Nissan_Rogue_SV_AWD_front_3.14.21.jpg,Wikimedia Commons,CC BY-SA 4.0,8,rogue.webp,/public/vehicles/nissan/rogue.webp,Nissan Rogue crossover factory scheduled tune near Denver CO,Yes,No,No
Pagani,Huayra,2012-2021,https://upload.wikimedia.org/wikipedia/commons/3/30/Pagani_Huayra_Roadster_1X7A6158.jpg,Wikimedia Commons,CC BY-SA 4.0,10,huayra.webp,/public/vehicles/pagani/huayra.webp,Pagani Huayra ultimate hypercar diagnosis near Denver CO,Yes,No,No
Pagani,Zonda,1999-2019,https://upload.wikimedia.org/wikipedia/commons/b/bc/Pagani_Zonda_F_1X7A5832.jpg,Wikimedia Commons,CC BY-SA 4.0,10,zonda.webp,/public/vehicles/pagani/zonda.webp,Pagani Zonda custom vehicle mechanical evaluation in Englewood CO,Yes,No,No
Peugeot,208,2015-2026,https://upload.wikimedia.org/wikipedia/commons/2/23/Peugeot_208_Amiens.jpg,Wikimedia Commons,CC BY-SA 4.0,8,208.webp,/public/vehicles/peugeot/208.webp,Peugeot 208 global import diagnostics near Denver CO,Yes,No,No
Peugeot,3008,2016-2026,https://upload.wikimedia.org/wikipedia/commons/e/eb/Peugeot_3008_B_Amiens.jpg,Wikimedia Commons,CC BY-SA 4.0,8.5,3008.webp,/public/vehicles/peugeot/3008.webp,Peugeot 3008 import diagnostic tracking in Englewood CO,Yes,No,No
Polestar,Polestar 2,2020-2026,https://upload.wikimedia.org/wikipedia/commons/a/af/Polestar_2_Amiens.jpg,Wikimedia Commons,CC BY-SA 4.0,9,polestar-2.webp,/public/vehicles/polestar/polestar-2.webp,Polestar 2 EV system electrical system service in Englewood CO,Yes,No,No
Polestar,Polestar 3,2024-2026,https://media.polestar.com/,Polestar Newsroom,Editorial / Media Kit Access,9,polestar-3.webp,/public/vehicles/polestar/polestar-3.webp,Polestar 3 premium luxury EV tracking near Denver CO,Yes,Yes,Yes
Porsche,911,2015-2026,https://images.unsplash.com/photo-1614162692292-7ac56d7f7f1e?auto=format&fit=crop&w=1600&q=80,Unsplash,Unsplash Commercial License,9.5,911.webp,/public/vehicles/porsche/911.webp,Porsche 911 certified master flat-six service near Denver CO,Yes,No,No
Porsche,Cayenne,2015-2026,https://upload.wikimedia.org/wikipedia/commons/e/eb/Porsche_Cayenne_Coupe_E-Hybrid_1X7A6539.jpg,Wikimedia Commons,CC BY-SA 4.0,9,cayenne.webp,/public/vehicles/porsche/cayenne.webp,Porsche Cayenne mechanical brake alignment in Englewood CO,Yes,No,No
Ram,1500,2015-2026,https://upload.wikimedia.org/wikipedia/commons/b/b3/2019_Ram_1500_Big_Horn_front_1.4.19.jpg,Wikimedia Commons,CC BY-SA 4.0,8.5,1500.webp,/public/vehicles/ram/1500.webp,Ram 1500 truck engine oil factory service in Englewood CO,Yes,No,No
Ram,2500,2015-2026,https://upload.wikimedia.org/wikipedia/commons/c/c4/2019_Ram_2500_Tradesman_HD_front_7.18.19.jpg,Wikimedia Commons,CC BY-SA 4.0,8.5,2500.webp,/public/vehicles/ram/2500.webp,Ram 2500 heavy-duty fleet truck service in Englewood CO,Yes,No,No
Renault,Clio,2015-2026,https://upload.wikimedia.org/wikipedia/commons/3/38/Renault_Clio_V_Amiens.jpg,Wikimedia Commons,CC BY-SA 4.0,8,clio.webp,/public/vehicles/renault/clio.webp,Renault Clio import systems service and tuning near Denver CO,Yes,No,No
Renault,Megane,2016-2026,https://upload.wikimedia.org/wikipedia/commons/8/80/Renault_Megane_IV_Amiens.jpg,Wikimedia Commons,CC BY-SA 4.0,8,megane.webp,/public/vehicles/renault/megane.webp,Renault Megane precision factory inspection in Englewood CO,Yes,No,No
Rolls-Royce,Ghost,2015-2026,https://upload.wikimedia.org/wikipedia/commons/3/31/Rolls-Royce_Ghost_1X7A5886.jpg,Wikimedia Commons,CC BY-SA 4.0,10,ghost.webp,/public/vehicles/rolls-royce/ghost.webp,Rolls-Royce Ghost luxury coach maintenance in Englewood CO,Yes,No,No
Rolls-Royce,Cullinan,2019-2026,https://upload.wikimedia.org/wikipedia/commons/0/06/Rolls-Royce_Cullinan_1X7A5123.jpg,Wikimedia Commons,CC BY-SA 4.0,10,cullinan.webp,/public/vehicles/rolls-royce/cullinan.webp,Rolls-Royce Cullinan flagship SUV repair near Denver CO,Yes,No,No
Saab,9-3,2003-2014,https://upload.wikimedia.org/wikipedia/commons/3/36/2008_Saab_9-3_2.0T_front.jpg,Wikimedia Commons,CC BY-SA 4.0,7.5,9-3.webp,/public/vehicles/saab/9-3.webp,Saab 9-3 heritage diagnostic and engine work in Englewood CO,Yes,No,No
Saab,9-5,2005-2012,https://upload.wikimedia.org/wikipedia/commons/b/ba/2010-2011_Saab_9-5_Aero_turbo_front.jpg,Wikimedia Commons,CC BY-SA 4.0,7.5,9-5.webp,/public/vehicles/saab/9-5.webp,Saab 9-5 electrical system restoration service near Denver CO,Yes,No,No
Saturn,Vue,2006-2010,https://upload.wikimedia.org/wikipedia/commons/b/b3/2008-Saturn-Vue.jpg,Wikimedia Commons,CC BY-SA 3.0,7,vue.webp,/public/vehicles/saturn/vue.webp,Saturn Vue vintage steering component track in Englewood CO,Yes,No,No
Saturn,Outlook,2007-2010,https://upload.wikimedia.org/wikipedia/commons/c/ce/2007_Saturn_Outlook_XR_front_10.24.19.jpg,Wikimedia Commons,CC BY-SA 4.0,7,outlook.webp,/public/vehicles/saturn/outlook.webp,Saturn Outlook comprehensive drivetrain check near Denver CO,Yes,No,No
Scion,tC,2011-2016,https://upload.wikimedia.org/wikipedia/commons/d/dd/2011_Scion_tC_--_03-18-2011.jpg,Wikimedia Commons,CC BY-SA 3.0,7.5,tc.webp,/public/vehicles/scion/tc.webp,Scion tC performance fluid adjustments in Englewood CO,Yes,No,No
Scion,xB,2008-2015,https://upload.wikimedia.org/wikipedia/commons/3/3a/2008_Scion_xB_front_10.24.19.jpg,Wikimedia Commons,CC BY-SA 4.0,7.5,xb.webp,/public/vehicles/scion/xb.webp,Scion xB classic brake inspections and servicing near Denver CO,Yes,No,No
Subaru,Outback,2015-2026,https://upload.wikimedia.org/wikipedia/commons/c/c5/2020_Subaru_Outback_Premium_front_11.16.19.jpg,Wikimedia Commons,CC BY-SA 4.0,8.5,outback.webp,/public/vehicles/subaru/outback.webp,Subaru Outback repair and maintenance service in Englewood CO,Yes,No,No
Subaru,Forester,2015-2026,https://upload.wikimedia.org/wikipedia/commons/2/24/2019_Subaru_Forester_Premium_front_1.12.19.jpg,Wikimedia Commons,CC BY-SA 4.0,8.5,forester.webp,/public/vehicles/subaru/forester.webp,Subaru Forester boxer engine diagnostic care near Denver CO,Yes,No,No
Suzuki,Swift,2015-2026,https://upload.wikimedia.org/wikipedia/commons/e/ee/2018_Suzuki_Swift_SZ5_Boosterjet_Automatic_1.0_Front.jpg,Wikimedia Commons,CC BY-SA 4.0,8,swift.webp,/public/vehicles/suzuki/swift.webp,Suzuki Swift compact electrical component check near Denver CO,Yes,No,No
Suzuki,Vitara,2015-2026,https://upload.wikimedia.org/wikipedia/commons/3/3a/2017_Suzuki_Vitara_S_Boosterjet_Allgrip_1.4_Front.jpg,Wikimedia Commons,CC BY-SA 4.0,8,vitara.webp,/public/vehicles/suzuki/vitara.webp,Suzuki Vitara compact SUV suspension repair in Englewood CO,Yes,No,No
Tesla,Model 3,2017-2026,https://images.unsplash.com/photo-1617788138017-80ad40651399?auto=format&fit=crop&w=1600&q=80,Unsplash,Unsplash Commercial License,9,model-3.webp,/public/vehicles/tesla/model-3.webp,Tesla Model 3 high-voltage drivetrain service in Englewood CO,Yes,No,No
Tesla,Model Y,2020-2026,https://images.unsplash.com/photo-1619767886558-efdc259cde1a?auto=format&fit=crop&w=1600&q=80,Unsplash,Unsplash Commercial License,9,model-y.webp,/public/vehicles/tesla/model-y.webp,Tesla Model Y factory maintenance service near Denver CO,Yes,No,No
Toyota,Camry,2015-2026,https://images.unsplash.com/photo-1621007947382-bb3c3994e3fb?auto=format&fit=crop&w=1600&q=80,Unsplash,Unsplash Commercial License,9,camry.webp,/public/vehicles/toyota/camry.webp,Toyota Camry factory maintenance service near Denver CO,Yes,No,No
Toyota,RAV4,2015-2026,https://upload.wikimedia.org/wikipedia/commons/1/16/2019_Toyota_RAV4_XLE_front_4.13.19.jpg,Wikimedia Commons,CC BY-SA 4.0,8.5,rav4.webp,/public/vehicles/toyota/rav4.webp,Toyota RAV4 multi-point inspection alignment in Englewood CO,Yes,No,No
Volkswagen,Jetta,2015-2026,https://images.unsplash.com/photo-1532512888905-09061950c8c6?auto=format&fit=crop&w=1600&q=80,Unsplash,Unsplash Commercial License,9,jetta.webp,/public/vehicles/volkswagen/jetta.webp,Volkswagen Jetta repair and maintenance service in Englewood CO,Yes,No,Yes
Volkswagen,Tiguan,2015-2026,https://images.unsplash.com/photo-1758228674135-ccb8865f1b02?auto=format&fit=crop&w=1600&q=80,Unsplash,Unsplash Commercial License,9,tiguan.webp,/public/vehicles/volkswagen/tiguan.webp,Volkswagen Tiguan repair and maintenance service in Englewood CO,Yes,No,Yes
Volvo,XC90,2015-2026,https://upload.wikimedia.org/wikipedia/commons/2/21/2016_Volvo_XC90_Inscription_D5_AWD_Automatic_2.0_Front.jpg,Wikimedia Commons,CC BY-SA 4.0,9,xc90.webp,/public/vehicles/volvo/xc90.webp,Volvo XC90 family SUV protection alignment near Denver CO,Yes,No,No
Volvo,S60,2015-2026,https://upload.wikimedia.org/wikipedia/commons/9/91/2019_Volvo_S60_Inscription_T5_front_3.24.19.jpg,Wikimedia Commons,CC BY-SA 4.0,8.5,s60.webp,/public/vehicles/volvo/s60.webp,Volvo S60 premium sedan engine tuning in Englewood CO,Yes,No,No
Toyota,Tacoma,2015-2026,https://upload.wikimedia.org/wikipedia/commons/4/4e/2019_Toyota_Tacoma_TRD_Sport_front_4.13.19.jpg,Wikimedia Commons,CC BY-SA 4.0,8.5,tacoma.webp,/public/vehicles/toyota/tacoma.webp,Toyota Tacoma truck maintenance service in Englewood CO,Yes,No,No
Toyota,4Runner,2015-2026,https://upload.wikimedia.org/wikipedia/commons/8/8f/2019_Toyota_4Runner_TRD_Off-Road_front_4.13.19.jpg,Wikimedia Commons,CC BY-SA 4.0,8.5,4runner.webp,/public/vehicles/toyota/4runner.webp,Toyota 4Runner SUV factory service near Denver CO,Yes,No,No
Toyota,Highlander,2015-2026,https://upload.wikimedia.org/wikipedia/commons/1/1a/2020_Toyota_Highlander_XLE_front_10.13.19.jpg,Wikimedia Commons,CC BY-SA 4.0,8.5,highlander.webp,/public/vehicles/toyota/highlander.webp,Toyota Highlander family SUV maintenance in Englewood CO,Yes,No,No
Toyota,Corolla,2015-2026,https://upload.wikimedia.org/wikipedia/commons/5/5a/2020_Toyota_Corolla_SE_front_10.13.19.jpg,Wikimedia Commons,CC BY-SA 4.0,8,corolla.webp,/public/vehicles/toyota/corolla.webp,Toyota Corolla scheduled maintenance service near Denver CO,Yes,No,No
Toyota,Prius,2015-2026,https://upload.wikimedia.org/wikipedia/commons/9/9e/2019_Toyota_Prius_LE_front_4.13.19.jpg,Wikimedia Commons,CC BY-SA 4.0,8.5,prius.webp,/public/vehicles/toyota/prius.webp,Toyota Prius hybrid system service in Englewood CO,Yes,No,No
Honda,Accord,2015-2026,https://upload.wikimedia.org/wikipedia/commons/6/6e/2019_Honda_Accord_Sport_front_4.13.19.jpg,Wikimedia Commons,CC BY-SA 4.0,8.5,accord.webp,/public/vehicles/honda/accord.webp,Honda Accord sedan repair service in Englewood CO,Yes,No,No
Honda,Pilot,2015-2026,https://upload.wikimedia.org/wikipedia/commons/0/0a/2019_Honda_Pilot_Touring_front_4.13.19.jpg,Wikimedia Commons,CC BY-SA 4.0,8.5,pilot.webp,/public/vehicles/honda/pilot.webp,Honda Pilot SUV maintenance service near Denver CO,Yes,No,No
Honda,Odyssey,2015-2026,https://upload.wikimedia.org/wikipedia/commons/8/8c/2019_Honda_Odyssey_Elite_front_4.13.19.jpg,Wikimedia Commons,CC BY-SA 4.0,8,odyssey.webp,/public/vehicles/honda/odyssey.webp,Honda Odyssey minivan factory service in Englewood CO,Yes,No,No
Honda,HR-V,2015-2026,https://upload.wikimedia.org/wikipedia/commons/3/3f/2019_Honda_HR-V_Ex-L_front_4.13.19.jpg,Wikimedia Commons,CC BY-SA 4.0,8,hr-v.webp,/public/vehicles/honda/hr-v.webp,Honda HR-V crossover maintenance near Denver CO,Yes,No,No
Honda,Ridgeline,2015-2026,https://upload.wikimedia.org/wikipedia/commons/2/2f/2019_Honda_Ridgeline_RTL-E_front_4.13.19.jpg,Wikimedia Commons,CC BY-SA 4.0,8.5,ridgeline.webp,/public/vehicles/honda/ridgeline.webp,Honda Ridgeline truck service in Englewood CO,Yes,No,No
Ford,Escape,2015-2026,https://upload.wikimedia.org/wikipedia/commons/3/3e/2020_Ford_Escape_SE_front_10.13.19.jpg,Wikimedia Commons,CC BY-SA 4.0,8.5,escape.webp,/public/vehicles/ford/escape.webp,Ford Escape SUV maintenance service in Englewood CO,Yes,No,No
Ford,Mustang,2015-2026,https://images.unsplash.com/photo-1584345604476-8ac5f2457c0b?auto=format&fit=crop&w=1600&q=80,Unsplash,Unsplash Commercial License,9,mustang.webp,/public/vehicles/ford/mustang.webp,Ford Mustang performance service near Denver CO,Yes,No,No
Ford,Bronco,2021-2026,https://upload.wikimedia.org/wikipedia/commons/1/1f/2021_Ford_Bronco_Outer_Banks_front_3.14.21.jpg,Wikimedia Commons,CC BY-SA 4.0,9,bronco.webp,/public/vehicles/ford/bronco.webp,Ford Bronco off-road maintenance in Englewood CO,Yes,No,No
Ford,Edge,2015-2026,https://upload.wikimedia.org/wikipedia/commons/a/a1/2019_Ford_Edge_facelift_Front.jpg,Wikimedia Commons,CC BY-SA 4.0,8.5,edge.webp,/public/vehicles/ford/edge.webp,Ford Edge SUV factory maintenance service in Englewood CO,Yes,No,No
Ford,Ranger,2019-2026,https://upload.wikimedia.org/wikipedia/commons/9/9a/2019_Ford_Ranger_XLT_front_4.13.19.jpg,Wikimedia Commons,CC BY-SA 4.0,8.5,ranger.webp,/public/vehicles/ford/ranger.webp,Ford Ranger midsize truck service near Denver CO,Yes,No,No
Chevrolet,Traverse,2015-2026,https://upload.wikimedia.org/wikipedia/commons/6/6a/2019_Chevrolet_Traverse_RS_front_4.13.19.jpg,Wikimedia Commons,CC BY-SA 4.0,8.5,traverse.webp,/public/vehicles/chevrolet/traverse.webp,Chevrolet Traverse SUV maintenance in Englewood CO,Yes,No,No
Chevrolet,Colorado,2015-2026,https://upload.wikimedia.org/wikipedia/commons/1/1c/2019_Chevrolet_Colorado_ZR2_front_4.13.19.jpg,Wikimedia Commons,CC BY-SA 4.0,8.5,colorado.webp,/public/vehicles/chevrolet/colorado.webp,Chevrolet Colorado truck service near Denver CO,Yes,No,No
Chevrolet,Malibu,2015-2026,https://upload.wikimedia.org/wikipedia/commons/7/7a/2019_Chevrolet_Malibu_LT_front_4.13.19.jpg,Wikimedia Commons,CC BY-SA 4.0,8,malibu.webp,/public/vehicles/chevrolet/malibu.webp,Chevrolet Malibu sedan maintenance in Englewood CO,Yes,No,No
Chevrolet,Tahoe,2015-2026,https://upload.wikimedia.org/wikipedia/commons/5/5f/2021_Chevrolet_Tahoe_Z71_front_3.14.21.jpg,Wikimedia Commons,CC BY-SA 4.0,8.5,tahoe.webp,/public/vehicles/chevrolet/tahoe.webp,Chevrolet Tahoe SUV factory service near Denver CO,Yes,No,No
Chevrolet,Suburban,2015-2026,https://upload.wikimedia.org/wikipedia/commons/4/4b/2021_Chevrolet_Suburban_Premier_front_3.14.21.jpg,Wikimedia Commons,CC BY-SA 4.0,8.5,suburban.webp,/public/vehicles/chevrolet/suburban.webp,Chevrolet Suburban full-size SUV service in Englewood CO,Yes,No,No
BMW,5 Series,2015-2026,https://upload.wikimedia.org/wikipedia/commons/8/8d/2019_BMW_530i_M_Sport_front_4.13.19.jpg,Wikimedia Commons,CC BY-SA 4.0,8.5,5-series.webp,/public/vehicles/bmw/5-series.webp,BMW 5 Series luxury sedan service in Englewood CO,Yes,No,No
BMW,X3,2015-2026,https://upload.wikimedia.org/wikipedia/commons/0/0e/2019_BMW_X3_xDrive30i_M_Sport_front_4.13.19.jpg,Wikimedia Commons,CC BY-SA 4.0,8.5,x3.webp,/public/vehicles/bmw/x3.webp,BMW X3 crossover maintenance near Denver CO,Yes,No,No
BMW,X1,2015-2026,https://upload.wikimedia.org/wikipedia/commons/2/2a/2019_BMW_X1_xDrive28i_front_4.13.19.jpg,Wikimedia Commons,CC BY-SA 4.0,8,x1.webp,/public/vehicles/bmw/x1.webp,BMW X1 compact SUV service in Englewood CO,Yes,No,No
BMW,M3,2015-2026,https://images.unsplash.com/photo-1617814076367-b1f7e5eaa510?auto=format&fit=crop&w=1600&q=80,Unsplash,Unsplash Commercial License,9,m3.webp,/public/vehicles/bmw/m3.webp,BMW M3 performance maintenance near Denver CO,Yes,No,No
BMW,i4,2022-2026,https://upload.wikimedia.org/wikipedia/commons/1/1b/BMW_i4_M50_1X7A6564.jpg,Wikimedia Commons,CC BY-SA 4.0,9,i4.webp,/public/vehicles/bmw/i4.webp,BMW i4 electric vehicle service in Englewood CO,Yes,No,No
Mercedes-Benz,E-Class,2015-2026,https://upload.wikimedia.org/wikipedia/commons/3/3e/2019_Mercedes-Benz_E450_4Matic_front_4.13.19.jpg,Wikimedia Commons,CC BY-SA 4.0,9,e-class.webp,/public/vehicles/mercedes-benz/e-class.webp,Mercedes-Benz E-Class luxury service in Englewood CO,Yes,No,No
Mercedes-Benz,GLC,2015-2026,https://upload.wikimedia.org/wikipedia/commons/6/6b/2019_Mercedes-Benz_GLC_300_4Matic_front_4.13.19.jpg,Wikimedia Commons,CC BY-SA 4.0,8.5,glc.webp,/public/vehicles/mercedes-benz/glc.webp,Mercedes-Benz GLC SUV maintenance near Denver CO,Yes,No,No
Mercedes-Benz,GLA,2015-2026,https://upload.wikimedia.org/wikipedia/commons/4/4a/2019_Mercedes-Benz_GLA_250_4Matic_front_4.13.19.jpg,Wikimedia Commons,CC BY-SA 4.0,8,gla.webp,/public/vehicles/mercedes-benz/gla.webp,Mercedes-Benz GLA crossover service in Englewood CO,Yes,No,No
Mercedes-Benz,S-Class,2015-2026,https://upload.wikimedia.org/wikipedia/commons/9/9c/2021_Mercedes-Benz_S500_4Matic_front_3.14.21.jpg,Wikimedia Commons,CC BY-SA 4.0,9.5,s-class.webp,/public/vehicles/mercedes-benz/s-class.webp,Mercedes-Benz S-Class flagship service near Denver CO,Yes,No,No
Mercedes-Benz,Sprinter,2015-2026,https://upload.wikimedia.org/wikipedia/commons/0/0d/2019_Mercedes-Benz_Sprinter_2500_front_4.13.19.jpg,Wikimedia Commons,CC BY-SA 4.0,8,sprinter.webp,/public/vehicles/mercedes-benz/sprinter.webp,Mercedes-Benz Sprinter van maintenance in Englewood CO,Yes,No,No
Audi,A6,2015-2026,https://upload.wikimedia.org/wikipedia/commons/5/5b/2019_Audi_A6_Premium_Plus_front_4.13.19.jpg,Wikimedia Commons,CC BY-SA 4.0,8.5,a6.webp,/public/vehicles/audi/a6.webp,Audi A6 sedan factory service in Englewood CO,Yes,No,No
Audi,Q7,2015-2026,https://upload.wikimedia.org/wikipedia/commons/7/7c/2019_Audi_Q7_Premium_Plus_front_4.13.19.jpg,Wikimedia Commons,CC BY-SA 4.0,8.5,q7.webp,/public/vehicles/audi/q7.webp,Audi Q7 luxury SUV maintenance near Denver CO,Yes,No,No
Audi,Q3,2015-2026,https://upload.wikimedia.org/wikipedia/commons/1/1e/2019_Audi_Q3_Premium_Plus_front_4.13.19.jpg,Wikimedia Commons,CC BY-SA 4.0,8,q3.webp,/public/vehicles/audi/q3.webp,Audi Q3 compact SUV service in Englewood CO,Yes,No,No
Audi,e-tron,2019-2026,https://upload.wikimedia.org/wikipedia/commons/8/8a/Audi_e-tron_55_quattro_1X7A6224.jpg,Wikimedia Commons,CC BY-SA 4.0,9,e-tron.webp,/public/vehicles/audi/e-tron.webp,Audi e-tron EV maintenance service in Englewood CO,Yes,No,No
Audi,S4,2015-2026,https://upload.wikimedia.org/wikipedia/commons/2/2c/2019_Audi_S4_Prestige_front_4.13.19.jpg,Wikimedia Commons,CC BY-SA 4.0,8.5,s4.webp,/public/vehicles/audi/s4.webp,Audi S4 performance sedan service near Denver CO,Yes,No,No
Nissan,Sentra,2015-2026,https://upload.wikimedia.org/wikipedia/commons/0/0f/2019_Nissan_Sentra_SR_front_4.13.19.jpg,Wikimedia Commons,CC BY-SA 4.0,8,sentra.webp,/public/vehicles/nissan/sentra.webp,Nissan Sentra sedan maintenance in Englewood CO,Yes,No,No
Nissan,Pathfinder,2015-2026,https://upload.wikimedia.org/wikipedia/commons/6/6c/2019_Nissan_Pathfinder_SL_front_4.13.19.jpg,Wikimedia Commons,CC BY-SA 4.0,8,pathfinder.webp,/public/vehicles/nissan/pathfinder.webp,Nissan Pathfinder SUV service near Denver CO,Yes,No,No
Nissan,Frontier,2015-2026,https://upload.wikimedia.org/wikipedia/commons/3/3b/2019_Nissan_Frontier_PRO-4X_front_4.13.19.jpg,Wikimedia Commons,CC BY-SA 4.0,8.5,frontier.webp,/public/vehicles/nissan/frontier.webp,Nissan Frontier truck maintenance in Englewood CO,Yes,No,No
Nissan,Murano,2015-2026,https://upload.wikimedia.org/wikipedia/commons/4/4d/2019_Nissan_Murano_SL_front_4.13.19.jpg,Wikimedia Commons,CC BY-SA 4.0,8,murano.webp,/public/vehicles/nissan/murano.webp,Nissan Murano crossover service near Denver CO,Yes,No,No
Nissan,Kicks,2018-2026,https://upload.wikimedia.org/wikipedia/commons/8/8b/2019_Nissan_Kicks_SR_front_4.13.19.jpg,Wikimedia Commons,CC BY-SA 4.0,8,kicks.webp,/public/vehicles/nissan/kicks.webp,Nissan Kicks subcompact SUV maintenance in Englewood CO,Yes,No,No
Subaru,Crosstrek,2015-2026,https://upload.wikimedia.org/wikipedia/commons/9/9a/2019_Subaru_Crosstrek_Limited_front_4.13.19.jpg,Wikimedia Commons,CC BY-SA 4.0,8.5,crosstrek.webp,/public/vehicles/subaru/crosstrek.webp,Subaru Crosstrek AWD service in Englewood CO,Yes,No,No
Subaru,Impreza,2015-2026,https://upload.wikimedia.org/wikipedia/commons/1/1d/2019_Subaru_Impreza_Sport_front_4.13.19.jpg,Wikimedia Commons,CC BY-SA 4.0,8,impreza.webp,/public/vehicles/subaru/impreza.webp,Subaru Impreza sedan maintenance near Denver CO,Yes,No,No
Subaru,Ascent,2019-2026,https://upload.wikimedia.org/wikipedia/commons/5/5e/2019_Subaru_Ascent_Touring_front_4.13.19.jpg,Wikimedia Commons,CC BY-SA 4.0,8.5,ascent.webp,/public/vehicles/subaru/ascent.webp,Subaru Ascent three-row SUV service in Englewood CO,Yes,No,No
Subaru,WRX,2015-2026,https://upload.wikimedia.org/wikipedia/commons/7/7e/2019_Subaru_WRX_Limited_front_4.13.19.jpg,Wikimedia Commons,CC BY-SA 4.0,8.5,wrx.webp,/public/vehicles/subaru/wrx.webp,Subaru WRX performance maintenance near Denver CO,Yes,No,No
Subaru,Legacy,2015-2026,https://upload.wikimedia.org/wikipedia/commons/2/2b/2019_Subaru_Legacy_2.5i_Sport_front_4.13.19.jpg,Wikimedia Commons,CC BY-SA 4.0,8,legacy.webp,/public/vehicles/subaru/legacy.webp,Subaru Legacy sedan factory service in Englewood CO,Yes,No,No
Jeep,Cherokee,2015-2026,https://upload.wikimedia.org/wikipedia/commons/0/0e/2019_Jeep_Cherokee_Limited_front_4.13.19.jpg,Wikimedia Commons,CC BY-SA 4.0,8.5,cherokee.webp,/public/vehicles/jeep/cherokee.webp,Jeep Cherokee SUV maintenance in Englewood CO,Yes,No,No
Jeep,Compass,2017-2026,https://upload.wikimedia.org/wikipedia/commons/6/6f/2019_Jeep_Compass_Limited_front_4.13.19.jpg,Wikimedia Commons,CC BY-SA 4.0,8,compass.webp,/public/vehicles/jeep/compass.webp,Jeep Compass crossover service near Denver CO,Yes,No,No
Jeep,Gladiator,2020-2026,https://upload.wikimedia.org/wikipedia/commons/3/3a/2020_Jeep_Gladiator_Rubicon_front_10.13.19.jpg,Wikimedia Commons,CC BY-SA 4.0,8.5,gladiator.webp,/public/vehicles/jeep/gladiator.webp,Jeep Gladiator pickup truck service in Englewood CO,Yes,No,No
Jeep,Renegade,2015-2026,https://upload.wikimedia.org/wikipedia/commons/4/4f/2019_Jeep_Renegade_Trailhawk_front_4.13.19.jpg,Wikimedia Commons,CC BY-SA 4.0,8,renegade.webp,/public/vehicles/jeep/renegade.webp,Jeep Renegade compact SUV maintenance near Denver CO,Yes,No,No
Jeep,Wagoneer,2022-2026,https://upload.wikimedia.org/wikipedia/commons/8/8e/2022_Jeep_Wagoneer_Series_III_front_5.16.22.jpg,Wikimedia Commons,CC BY-SA 4.0,8.5,wagoneer.webp,/public/vehicles/jeep/wagoneer.webp,Jeep Wagoneer full-size SUV service in Englewood CO,Yes,No,No
Ram,3500,2015-2026,https://upload.wikimedia.org/wikipedia/commons/5/5c/2019_Ram_3500_Laramie_HD_front_7.18.19.jpg,Wikimedia Commons,CC BY-SA 4.0,8.5,3500.webp,/public/vehicles/ram/3500.webp,Ram 3500 heavy-duty truck service in Englewood CO,Yes,No,No
Ram,ProMaster,2015-2026,https://upload.wikimedia.org/wikipedia/commons/1/1a/2019_Ram_ProMaster_2500_front_4.13.19.jpg,Wikimedia Commons,CC BY-SA 4.0,8,promaster.webp,/public/vehicles/ram/promaster.webp,Ram ProMaster commercial van maintenance near Denver CO,Yes,No,No
Ram,ProMaster City,2015-2022,https://upload.wikimedia.org/wikipedia/commons/7/7b/2019_Ram_ProMaster_City_Tradesman_front_4.13.19.jpg,Wikimedia Commons,CC BY-SA 4.0,7.5,promaster-city.webp,/public/vehicles/ram/promaster-city.webp,Ram ProMaster City van service in Englewood CO,Yes,No,No
Ram,TRX,2021-2026,https://upload.wikimedia.org/wikipedia/commons/9/9d/2021_Ram_1500_TRX_front_3.14.21.jpg,Wikimedia Commons,CC BY-SA 4.0,9,trx.webp,/public/vehicles/ram/trx.webp,Ram TRX performance truck maintenance near Denver CO,Yes,No,No
Ram,Rebel,2015-2026,https://upload.wikimedia.org/wikipedia/commons/2/2d/2019_Ram_1500_Rebel_front_4.13.19.jpg,Wikimedia Commons,CC BY-SA 4.0,8.5,rebel.webp,/public/vehicles/ram/rebel.webp,Ram Rebel off-road truck service in Englewood CO,Yes,No,No
Hyundai,Sonata,2015-2026,https://upload.wikimedia.org/wikipedia/commons/0/0b/2019_Hyundai_Sonata_SEL_front_4.13.19.jpg,Wikimedia Commons,CC BY-SA 4.0,8.5,sonata.webp,/public/vehicles/hyundai/sonata.webp,Hyundai Sonata sedan maintenance in Englewood CO,Yes,No,No
Hyundai,Tucson,2015-2026,https://upload.wikimedia.org/wikipedia/commons/3/3c/2019_Hyundai_Tucson_Ultimate_front_4.13.19.jpg,Wikimedia Commons,CC BY-SA 4.0,8.5,tucson.webp,/public/vehicles/hyundai/tucson.webp,Hyundai Tucson SUV service near Denver CO,Yes,No,No
Hyundai,Palisade,2020-2026,https://upload.wikimedia.org/wikipedia/commons/6/6d/2020_Hyundai_Palisade_SEL_front_10.13.19.jpg,Wikimedia Commons,CC BY-SA 4.0,8.5,palisade.webp,/public/vehicles/hyundai/palisade.webp,Hyundai Palisade three-row SUV maintenance in Englewood CO,Yes,No,No
Hyundai,Kona,2018-2026,https://upload.wikimedia.org/wikipedia/commons/4/4c/2019_Hyundai_Kona_Ultimate_front_4.13.19.jpg,Wikimedia Commons,CC BY-SA 4.0,8,kona.webp,/public/vehicles/hyundai/kona.webp,Hyundai Kona crossover factory service near Denver CO,Yes,No,No
Hyundai,Ioniq 5,2022-2026,https://upload.wikimedia.org/wikipedia/commons/5/5d/Hyundai_Ioniq_5_1X7A6539.jpg,Wikimedia Commons,CC BY-SA 4.0,9,ioniq-5.webp,/public/vehicles/hyundai/ioniq-5.webp,Hyundai Ioniq 5 EV maintenance service in Englewood CO,Yes,No,No
Kia,Forte,2015-2026,https://upload.wikimedia.org/wikipedia/commons/8/8f/2019_Kia_Forte_EX_front_4.13.19.jpg,Wikimedia Commons,CC BY-SA 4.0,8,forte.webp,/public/vehicles/kia/forte.webp,Kia Forte sedan service in Englewood CO,Yes,No,No
Kia,K5,2021-2026,https://upload.wikimedia.org/wikipedia/commons/1/1c/2021_Kia_K5_GT-Line_front_3.14.21.jpg,Wikimedia Commons,CC BY-SA 4.0,8.5,k5.webp,/public/vehicles/kia/k5.webp,Kia K5 sedan maintenance near Denver CO,Yes,No,No
Kia,Telluride,2020-2026,https://upload.wikimedia.org/wikipedia/commons/0/0c/2020_Kia_Telluride_SX_front_10.13.19.jpg,Wikimedia Commons,CC BY-SA 4.0,8.5,telluride.webp,/public/vehicles/kia/telluride.webp,Kia Telluride SUV factory service in Englewood CO,Yes,No,No
Kia,Soul,2015-2026,https://upload.wikimedia.org/wikipedia/commons/9/9b/2019_Kia_Soul_EX_front_4.13.19.jpg,Wikimedia Commons,CC BY-SA 4.0,8,soul.webp,/public/vehicles/kia/soul.webp,Kia Soul compact crossover maintenance near Denver CO,Yes,No,No
Kia,EV6,2022-2026,https://upload.wikimedia.org/wikipedia/commons/2/2e/Kia_EV6_GT_1X7A6564.jpg,Wikimedia Commons,CC BY-SA 4.0,9,ev6.webp,/public/vehicles/kia/ev6.webp,Kia EV6 electric vehicle service in Englewood CO,Yes,No,No
Volkswagen,Passat,2015-2022,https://images.unsplash.com/photo-1746184841307-8d830bbec7fa?auto=format&fit=crop&w=1600&q=80,Unsplash,Unsplash Commercial License,9,passat.webp,/public/vehicles/volkswagen/passat.webp,Volkswagen Passat repair and maintenance service in Englewood CO,Yes,No,Yes
Volkswagen,Atlas,2015-2026,https://images.unsplash.com/photo-1608247104248-7f968cf317d6?auto=format&fit=crop&w=1600&q=80,Unsplash,Unsplash Commercial License,9,atlas.webp,/public/vehicles/volkswagen/atlas.webp,Volkswagen Atlas repair and maintenance service in Englewood CO,Yes,No,Yes
Volkswagen,Golf,2015-2026,https://images.unsplash.com/photo-1771541137581-4bab1ee0e873?auto=format&fit=crop&w=1600&q=80,Unsplash,Unsplash Commercial License,9,golf.webp,/public/vehicles/volkswagen/golf.webp,Volkswagen Golf repair and maintenance service in Englewood CO,Yes,No,Yes
Volkswagen,ID.4,2022-2026,https://images.unsplash.com/photo-1767949374145-b450829c5abb?auto=format&fit=crop&w=1600&q=80,Unsplash,Unsplash Commercial License,9,id-4.webp,/public/vehicles/volkswagen/id-4.webp,Volkswagen ID.4 repair and maintenance service in Englewood CO,Yes,No,Yes
Volkswagen,Taos,2022-2026,https://images.unsplash.com/photo-1649010328032-1061e0c05d4e?auto=format&fit=crop&w=1600&q=80,Unsplash,Unsplash Commercial License,9,taos.webp,/public/vehicles/volkswagen/taos.webp,Volkswagen Taos repair and maintenance service in Englewood CO,Yes,No,Yes
